{
    "False": {
        "precision": 0.9999924160839692,
        "recall": 0.9883073371459409,
        "f1-score": 0.9941155404768637,
        "support": 133417.0
    },
    "True": {
        "precision": 0.04059040590405904,
        "recall": 0.9850746268656716,
        "f1-score": 0.07796810395747195,
        "support": 67.0
    },
    "accuracy": 0.9883057145425669,
    "macro avg": {
        "precision": 0.5202914109940141,
        "recall": 0.9866909820058063,
        "f1-score": 0.5360418222171678,
        "support": 133484.0
    },
    "weighted avg": {
        "precision": 0.9995108607314022,
        "recall": 0.9883057145425669,
        "f1-score": 0.9936556960142554,
        "support": 133484.0
    }
}